sample,fastq_1,fastq_2
101,../fastq/101_C7JRYANXX_GTCCGC_L007_R1.fastq.gz,../fastq/101_C7JRYANXX_GTCCGC_L007_R2.fastq.gz
101,../fastq/101_C80GMANXX_GTCCGC_L007_R1.fastq.gz,../fastq/101_C80GMANXX_GTCCGC_L007_R2.fastq.gz
102,../fastq/102_C7JRYANXX_GTGAAA_L007_R1.fastq.gz,../fastq/102_C7JRYANXX_GTGAAA_L007_R2.fastq.gz
102,../fastq/102_C80GMANXX_GTGAAA_L007_R1.fastq.gz,../fastq/102_C80GMANXX_GTGAAA_L007_R2.fastq.gz
105,../fastq/105_C7JRYANXX_GTGGCC_L007_R1.fastq.gz,../fastq/105_C7JRYANXX_GTGGCC_L007_R2.fastq.gz
105,../fastq/105_C80GMANXX_GTGGCC_L007_R1.fastq.gz,../fastq/105_C80GMANXX_GTGGCC_L007_R2.fastq.gz
106,../fastq/106_C7JRYANXX_GTTTCG_L007_R1.fastq.gz,../fastq/106_C7JRYANXX_GTTTCG_L007_R2.fastq.gz
106,../fastq/106_C80GMANXX_GTTTCG_L007_R1.fastq.gz,../fastq/106_C80GMANXX_GTTTCG_L007_R2.fastq.gz
110,../fastq/110_C7JRYANXX_CGTACG_L007_R1.fastq.gz,../fastq/110_C7JRYANXX_CGTACG_L007_R2.fastq.gz
110,../fastq/110_C80GMANXX_CGTACG_L007_R1.fastq.gz,../fastq/110_C80GMANXX_CGTACG_L007_R2.fastq.gz
111,../fastq/111_C7JRYANXX_GGCTAC_L002_R1.fastq.gz,../fastq/111_C7JRYANXX_GGCTAC_L002_R2.fastq.gz
111,../fastq/111_C80GMANXX_GGCTAC_L002_R1.fastq.gz,../fastq/111_C80GMANXX_GGCTAC_L002_R2.fastq.gz
112,../fastq/112_C7JRYANXX_CTTGTA_L002_R1.fastq.gz,../fastq/112_C7JRYANXX_CTTGTA_L002_R2.fastq.gz
112,../fastq/112_C80GMANXX_CTTGTA_L002_R1.fastq.gz,../fastq/112_C80GMANXX_CTTGTA_L002_R2.fastq.gz
113,../fastq/113_C7JRYANXX_AGTCAA_L002_R1.fastq.gz,../fastq/113_C7JRYANXX_AGTCAA_L002_R2.fastq.gz
113,../fastq/113_C80GMANXX_AGTCAA_L002_R1.fastq.gz,../fastq/113_C80GMANXX_AGTCAA_L002_R2.fastq.gz
114,../fastq/114_C7JRYANXX_AGTTCC_L003_R1.fastq.gz,../fastq/114_C7JRYANXX_AGTTCC_L003_R2.fastq.gz
114,../fastq/114_C80GMANXX_AGTTCC_L003_R1.fastq.gz,../fastq/114_C80GMANXX_AGTTCC_L003_R2.fastq.gz
120,../fastq/120_C7JRYANXX_ATGTCA_L003_R1.fastq.gz,../fastq/120_C7JRYANXX_ATGTCA_L003_R2.fastq.gz
120,../fastq/120_C80GMANXX_ATGTCA_L003_R1.fastq.gz,../fastq/120_C80GMANXX_ATGTCA_L003_R2.fastq.gz
123,../fastq/123_C7JRYANXX_GAGTGG_L007_R1.fastq.gz,../fastq/123_C7JRYANXX_GAGTGG_L007_R2.fastq.gz
123,../fastq/123_C80GMANXX_GAGTGG_L007_R1.fastq.gz,../fastq/123_C80GMANXX_GAGTGG_L007_R2.fastq.gz
131,../fastq/131_C7JRYANXX_ACTGAT_L007_R1.fastq.gz,../fastq/131_C7JRYANXX_ACTGAT_L007_R2.fastq.gz
131,../fastq/131_C80GMANXX_ACTGAT_L007_R1.fastq.gz,../fastq/131_C80GMANXX_ACTGAT_L007_R2.fastq.gz
132,../fastq/132_C7JRYANXX_ATTCCT_L007_R1.fastq.gz,../fastq/132_C7JRYANXX_ATTCCT_L007_R2.fastq.gz
132,../fastq/132_C80GMANXX_ATTCCT_L007_R1.fastq.gz,../fastq/132_C80GMANXX_ATTCCT_L007_R2.fastq.gz
133,../fastq/133_C7JRYANXX_ATCACG_L007_R1.fastq.gz,../fastq/133_C7JRYANXX_ATCACG_L007_R2.fastq.gz
133,../fastq/133_C80GMANXX_ATCACG_L007_R1.fastq.gz,../fastq/133_C80GMANXX_ATCACG_L007_R2.fastq.gz
137,../fastq/137_C7JRYANXX_CGATGT_L007_R1.fastq.gz,../fastq/137_C7JRYANXX_CGATGT_L007_R2.fastq.gz
137,../fastq/137_C80GMANXX_CGATGT_L007_R1.fastq.gz,../fastq/137_C80GMANXX_CGATGT_L007_R2.fastq.gz
138,../fastq/138_C7JRYANXX_TTAGGC_L007_R1.fastq.gz,../fastq/138_C7JRYANXX_TTAGGC_L007_R2.fastq.gz
138,../fastq/138_C80GMANXX_TTAGGC_L007_R1.fastq.gz,../fastq/138_C80GMANXX_TTAGGC_L007_R2.fastq.gz
146,../fastq/146_C7JRYANXX_TGACCA_L007_R1.fastq.gz,../fastq/146_C7JRYANXX_TGACCA_L007_R2.fastq.gz
146,../fastq/146_C80GMANXX_TGACCA_L007_R1.fastq.gz,../fastq/146_C80GMANXX_TGACCA_L007_R2.fastq.gz
147,../fastq/147_C7JRYANXX_ACAGTG_L007_R1.fastq.gz,../fastq/147_C7JRYANXX_ACAGTG_L007_R2.fastq.gz
147,../fastq/147_C80GMANXX_ACAGTG_L007_R1.fastq.gz,../fastq/147_C80GMANXX_ACAGTG_L007_R2.fastq.gz
148,../fastq/148_C7JRYANXX_GCCAAT_L007_R1.fastq.gz,../fastq/148_C7JRYANXX_GCCAAT_L007_R2.fastq.gz
148,../fastq/148_C80GMANXX_GCCAAT_L007_R1.fastq.gz,../fastq/148_C80GMANXX_GCCAAT_L007_R2.fastq.gz
149,../fastq/149_C7JRYANXX_CAGATC_L007_R1.fastq.gz,../fastq/149_C7JRYANXX_CAGATC_L007_R2.fastq.gz
149,../fastq/149_C80GMANXX_CAGATC_L007_R1.fastq.gz,../fastq/149_C80GMANXX_CAGATC_L007_R2.fastq.gz
152,../fastq/152_C7JRYANXX_ACTTGA_L007_R1.fastq.gz,../fastq/152_C7JRYANXX_ACTTGA_L007_R2.fastq.gz
152,../fastq/152_C80GMANXX_ACTTGA_L007_R1.fastq.gz,../fastq/152_C80GMANXX_ACTTGA_L007_R2.fastq.gz
153,../fastq/153_C7JRYANXX_GATCAG_L007_R1.fastq.gz,../fastq/153_C7JRYANXX_GATCAG_L007_R2.fastq.gz
153,../fastq/153_C80GMANXX_GATCAG_L007_R1.fastq.gz,../fastq/153_C80GMANXX_GATCAG_L007_R2.fastq.gz
154,../fastq/154_C7JRYANXX_TAGCTT_L008_R1.fastq.gz,../fastq/154_C7JRYANXX_TAGCTT_L008_R2.fastq.gz
154,../fastq/154_C80GMANXX_TAGCTT_L007_R1.fastq.gz,../fastq/154_C80GMANXX_TAGCTT_L007_R2.fastq.gz
155,../fastq/155_C7JRYANXX_GGCTAC_L008_R1.fastq.gz,../fastq/155_C7JRYANXX_GGCTAC_L008_R2.fastq.gz
155,../fastq/155_C80GMANXX_GGCTAC_L008_R1.fastq.gz,../fastq/155_C80GMANXX_GGCTAC_L008_R2.fastq.gz
156,../fastq/156_C7JRYANXX_CTTGTA_L008_R1.fastq.gz,../fastq/156_C7JRYANXX_CTTGTA_L008_R2.fastq.gz
156,../fastq/156_C80GMANXX_CTTGTA_L008_R1.fastq.gz,../fastq/156_C80GMANXX_CTTGTA_L008_R2.fastq.gz
157,../fastq/157_C7JRYANXX_AGTCAA_L008_R1.fastq.gz,../fastq/157_C7JRYANXX_AGTCAA_L008_R2.fastq.gz
157,../fastq/157_C80GMANXX_AGTCAA_L008_R1.fastq.gz,../fastq/157_C80GMANXX_AGTCAA_L008_R2.fastq.gz
170,../fastq/170_C7JRYANXX_CCGTCC_L003_R1.fastq.gz,../fastq/170_C7JRYANXX_CCGTCC_L003_R2.fastq.gz
170,../fastq/170_C80GMANXX_CCGTCC_L003_R1.fastq.gz,../fastq/170_C80GMANXX_CCGTCC_L003_R2.fastq.gz
171,../fastq/171_C7JRYANXX_GTCCGC_L003_R1.fastq.gz,../fastq/171_C7JRYANXX_GTCCGC_L003_R2.fastq.gz
171,../fastq/171_C80GMANXX_GTCCGC_L003_R1.fastq.gz,../fastq/171_C80GMANXX_GTCCGC_L003_R2.fastq.gz
172,../fastq/172_C7JRYANXX_GTGAAA_L003_R1.fastq.gz,../fastq/172_C7JRYANXX_GTGAAA_L003_R2.fastq.gz
172,../fastq/172_C80GMANXX_GTGAAA_L003_R1.fastq.gz,../fastq/172_C80GMANXX_GTGAAA_L003_R2.fastq.gz
173,../fastq/173_C7JRYANXX_GTGGCC_L003_R1.fastq.gz,../fastq/173_C7JRYANXX_GTGGCC_L003_R2.fastq.gz
173,../fastq/173_C80GMANXX_GTGGCC_L003_R1.fastq.gz,../fastq/173_C80GMANXX_GTGGCC_L003_R2.fastq.gz
174,../fastq/174_C7JRYANXX_GTTTCG_L003_R1.fastq.gz,../fastq/174_C7JRYANXX_GTTTCG_L003_R2.fastq.gz
174,../fastq/174_C80GMANXX_GTTTCG_L003_R1.fastq.gz,../fastq/174_C80GMANXX_GTTTCG_L003_R2.fastq.gz
175,../fastq/175_C7JRYANXX_CGTACG_L003_R1.fastq.gz,../fastq/175_C7JRYANXX_CGTACG_L003_R2.fastq.gz
175,../fastq/175_C80GMANXX_CGTACG_L003_R1.fastq.gz,../fastq/175_C80GMANXX_CGTACG_L003_R2.fastq.gz
182,../fastq/182_C7JRYANXX_GAGTGG_L003_R1.fastq.gz,../fastq/182_C7JRYANXX_GAGTGG_L003_R2.fastq.gz
182,../fastq/182_C80GMANXX_GAGTGG_L003_R1.fastq.gz,../fastq/182_C80GMANXX_GAGTGG_L003_R2.fastq.gz
183,../fastq/183_C7JRYANXX_ACTGAT_L003_R1.fastq.gz,../fastq/183_C7JRYANXX_ACTGAT_L003_R2.fastq.gz
183,../fastq/183_C80GMANXX_ACTGAT_L003_R1.fastq.gz,../fastq/183_C80GMANXX_ACTGAT_L003_R2.fastq.gz
184,../fastq/184_C7JRYANXX_ATTCCT_L003_R1.fastq.gz,../fastq/184_C7JRYANXX_ATTCCT_L003_R2.fastq.gz
184,../fastq/184_C80GMANXX_ATTCCT_L003_R1.fastq.gz,../fastq/184_C80GMANXX_ATTCCT_L003_R2.fastq.gz
185,../fastq/185_C7JRYANXX_ATCACG_L003_R1.fastq.gz,../fastq/185_C7JRYANXX_ATCACG_L003_R2.fastq.gz
185,../fastq/185_C80GMANXX_ATCACG_L003_R1.fastq.gz,../fastq/185_C80GMANXX_ATCACG_L003_R2.fastq.gz
186,../fastq/186_C7JRYANXX_CGATGT_L003_R1.fastq.gz,../fastq/186_C7JRYANXX_CGATGT_L003_R2.fastq.gz
186,../fastq/186_C80GMANXX_CGATGT_L003_R1.fastq.gz,../fastq/186_C80GMANXX_CGATGT_L003_R2.fastq.gz
187,../fastq/187_C7JRYANXX_TTAGGC_L003_R1.fastq.gz,../fastq/187_C7JRYANXX_TTAGGC_L003_R2.fastq.gz
187,../fastq/187_C80GMANXX_TTAGGC_L003_R1.fastq.gz,../fastq/187_C80GMANXX_TTAGGC_L003_R2.fastq.gz
194,../fastq/194_C7JRYANXX_AGTTCC_L008_R1.fastq.gz,../fastq/194_C7JRYANXX_AGTTCC_L008_R2.fastq.gz
194,../fastq/194_C80GMANXX_AGTTCC_L008_R1.fastq.gz,../fastq/194_C80GMANXX_AGTTCC_L008_R2.fastq.gz
196,../fastq/196_C7JRYANXX_TGACCA_L003_R1.fastq.gz,../fastq/196_C7JRYANXX_TGACCA_L003_R2.fastq.gz
196,../fastq/196_C80GMANXX_TGACCA_L003_R1.fastq.gz,../fastq/196_C80GMANXX_TGACCA_L003_R2.fastq.gz
197,../fastq/197_C7JRYANXX_ACAGTG_L003_R1.fastq.gz,../fastq/197_C7JRYANXX_ACAGTG_L003_R2.fastq.gz
197,../fastq/197_C80GMANXX_ACAGTG_L003_R1.fastq.gz,../fastq/197_C80GMANXX_ACAGTG_L003_R2.fastq.gz
198,../fastq/198_C7JRYANXX_GCCAAT_L003_R1.fastq.gz,../fastq/198_C7JRYANXX_GCCAAT_L003_R2.fastq.gz
198,../fastq/198_C80GMANXX_GCCAAT_L003_R1.fastq.gz,../fastq/198_C80GMANXX_GCCAAT_L003_R2.fastq.gz
199,../fastq/199_C7JRYANXX_ATGTCA_L008_R1.fastq.gz,../fastq/199_C7JRYANXX_ATGTCA_L008_R2.fastq.gz
199,../fastq/199_C80GMANXX_ATGTCA_L008_R1.fastq.gz,../fastq/199_C80GMANXX_ATGTCA_L008_R2.fastq.gz
205,../fastq/205_C7JRYANXX_CCGTCC_L008_R1.fastq.gz,../fastq/205_C7JRYANXX_CCGTCC_L008_R2.fastq.gz
205,../fastq/205_C80GMANXX_CCGTCC_L008_R1.fastq.gz,../fastq/205_C80GMANXX_CCGTCC_L008_R2.fastq.gz
206,../fastq/206_C7JRYANXX_CAGATC_L003_R1.fastq.gz,../fastq/206_C7JRYANXX_CAGATC_L003_R2.fastq.gz
206,../fastq/206_C80GMANXX_CAGATC_L003_R1.fastq.gz,../fastq/206_C80GMANXX_CAGATC_L003_R2.fastq.gz
207,../fastq/207_C7JRYANXX_GTCCGC_L008_R1.fastq.gz,../fastq/207_C7JRYANXX_GTCCGC_L008_R2.fastq.gz
207,../fastq/207_C80GMANXX_GTCCGC_L008_R1.fastq.gz,../fastq/207_C80GMANXX_GTCCGC_L008_R2.fastq.gz
208,../fastq/208_C80GMANXX_ACTTGA_L003_R1.fastq.gz,../fastq/208_C80GMANXX_ACTTGA_L003_R2.fastq.gz
208,../fastq/208_C85J7ANXX_ACTTGA_L005_R1.fastq.gz,../fastq/208_C85J7ANXX_ACTTGA_L005_R2.fastq.gz
209,../fastq/209_C80GMANXX_GATCAG_L004_R1.fastq.gz,../fastq/209_C80GMANXX_GATCAG_L004_R2.fastq.gz
209,../fastq/209_C85J7ANXX_GATCAG_L005_R1.fastq.gz,../fastq/209_C85J7ANXX_GATCAG_L005_R2.fastq.gz
210,../fastq/210_C80GMANXX_TAGCTT_L004_R1.fastq.gz,../fastq/210_C80GMANXX_TAGCTT_L004_R2.fastq.gz
210,../fastq/210_C85J7ANXX_TAGCTT_L005_R1.fastq.gz,../fastq/210_C85J7ANXX_TAGCTT_L005_R2.fastq.gz
211,../fastq/211_C80GMANXX_GGCTAC_L004_R1.fastq.gz,../fastq/211_C80GMANXX_GGCTAC_L004_R2.fastq.gz
211,../fastq/211_C85J7ANXX_GGCTAC_L005_R1.fastq.gz,../fastq/211_C85J7ANXX_GGCTAC_L005_R2.fastq.gz
218,../fastq/218_C80GMANXX_CTTGTA_L004_R1.fastq.gz,../fastq/218_C80GMANXX_CTTGTA_L004_R2.fastq.gz
218,../fastq/218_C85J7ANXX_CTTGTA_L005_R1.fastq.gz,../fastq/218_C85J7ANXX_CTTGTA_L005_R2.fastq.gz
219,../fastq/219_C80GMANXX_AGTCAA_L004_R1.fastq.gz,../fastq/219_C80GMANXX_AGTCAA_L004_R2.fastq.gz
219,../fastq/219_C85J7ANXX_AGTCAA_L005_R1.fastq.gz,../fastq/219_C85J7ANXX_AGTCAA_L005_R2.fastq.gz
220,../fastq/220_C80GMANXX_AGTTCC_L004_R1.fastq.gz,../fastq/220_C80GMANXX_AGTTCC_L004_R2.fastq.gz
220,../fastq/220_C85J7ANXX_AGTTCC_L005_R1.fastq.gz,../fastq/220_C85J7ANXX_AGTTCC_L005_R2.fastq.gz
221,../fastq/221_C80GMANXX_ATGTCA_L004_R1.fastq.gz,../fastq/221_C80GMANXX_ATGTCA_L004_R2.fastq.gz
221,../fastq/221_C85J7ANXX_ATGTCA_L005_R1.fastq.gz,../fastq/221_C85J7ANXX_ATGTCA_L005_R2.fastq.gz
223,../fastq/223_C7JRYANXX_GTGAAA_L008_R1.fastq.gz,../fastq/223_C7JRYANXX_GTGAAA_L008_R2.fastq.gz
223,../fastq/223_C80GMANXX_GTGAAA_L008_R1.fastq.gz,../fastq/223_C80GMANXX_GTGAAA_L008_R2.fastq.gz
229,../fastq/229_C7JRYANXX_GTGGCC_L008_R1.fastq.gz,../fastq/229_C7JRYANXX_GTGGCC_L008_R2.fastq.gz
229,../fastq/229_C80GMANXX_GTGGCC_L008_R1.fastq.gz,../fastq/229_C80GMANXX_GTGGCC_L008_R2.fastq.gz
230,../fastq/230_C80GMANXX_CCGTCC_L004_R1.fastq.gz,../fastq/230_C80GMANXX_CCGTCC_L004_R2.fastq.gz
230,../fastq/230_C85J7ANXX_CCGTCC_L005_R1.fastq.gz,../fastq/230_C85J7ANXX_CCGTCC_L005_R2.fastq.gz
231,../fastq/231_C80GMANXX_GTCCGC_L004_R1.fastq.gz,../fastq/231_C80GMANXX_GTCCGC_L004_R2.fastq.gz
231,../fastq/231_C85J7ANXX_GTCCGC_L005_R1.fastq.gz,../fastq/231_C85J7ANXX_GTCCGC_L005_R2.fastq.gz
232,../fastq/232_C80GMANXX_GTGAAA_L004_R1.fastq.gz,../fastq/232_C80GMANXX_GTGAAA_L004_R2.fastq.gz
232,../fastq/232_C85J7ANXX_GTGAAA_L005_R1.fastq.gz,../fastq/232_C85J7ANXX_GTGAAA_L005_R2.fastq.gz
233,../fastq/233_C80GMANXX_GTGGCC_L004_R1.fastq.gz,../fastq/233_C80GMANXX_GTGGCC_L004_R2.fastq.gz
233,../fastq/233_C85J7ANXX_GTGGCC_L005_R1.fastq.gz,../fastq/233_C85J7ANXX_GTGGCC_L005_R2.fastq.gz
234,../fastq/234_C80GMANXX_GTTTCG_L004_R1.fastq.gz,../fastq/234_C80GMANXX_GTTTCG_L004_R2.fastq.gz
234,../fastq/234_C85J7ANXX_GTTTCG_L005_R1.fastq.gz,../fastq/234_C85J7ANXX_GTTTCG_L005_R2.fastq.gz
241,../fastq/241_C7JRYANXX_GTTTCG_L008_R1.fastq.gz,../fastq/241_C7JRYANXX_GTTTCG_L008_R2.fastq.gz
241,../fastq/241_C80GMANXX_GTTTCG_L008_R1.fastq.gz,../fastq/241_C80GMANXX_GTTTCG_L008_R2.fastq.gz
242,../fastq/242_C80GMANXX_CGTACG_L004_R1.fastq.gz,../fastq/242_C80GMANXX_CGTACG_L004_R2.fastq.gz
242,../fastq/242_C85J7ANXX_CGTACG_L005_R1.fastq.gz,../fastq/242_C85J7ANXX_CGTACG_L005_R2.fastq.gz
243,../fastq/243_C80GMANXX_GAGTGG_L004_R1.fastq.gz,../fastq/243_C80GMANXX_GAGTGG_L004_R2.fastq.gz
243,../fastq/243_C85J7ANXX_GAGTGG_L005_R1.fastq.gz,../fastq/243_C85J7ANXX_GAGTGG_L005_R2.fastq.gz
244,../fastq/244_C80GMANXX_ACTGAT_L004_R1.fastq.gz,../fastq/244_C80GMANXX_ACTGAT_L004_R2.fastq.gz
244,../fastq/244_C85J7ANXX_ACTGAT_L005_R1.fastq.gz,../fastq/244_C85J7ANXX_ACTGAT_L005_R2.fastq.gz
245,../fastq/245_C80GMANXX_ATTCCT_L004_R1.fastq.gz,../fastq/245_C80GMANXX_ATTCCT_L004_R2.fastq.gz
245,../fastq/245_C85J7ANXX_ATTCCT_L005_R1.fastq.gz,../fastq/245_C85J7ANXX_ATTCCT_L005_R2.fastq.gz
246,../fastq/246_C80GMANXX_ATCACG_L004_R1.fastq.gz,../fastq/246_C80GMANXX_ATCACG_L004_R2.fastq.gz
246,../fastq/246_C85J7ANXX_ATCACG_L005_R1.fastq.gz,../fastq/246_C85J7ANXX_ATCACG_L005_R2.fastq.gz
247,../fastq/247_C80GMANXX_CGATGT_L004_R1.fastq.gz,../fastq/247_C80GMANXX_CGATGT_L004_R2.fastq.gz
247,../fastq/247_C85J7ANXX_CGATGT_L005_R1.fastq.gz,../fastq/247_C85J7ANXX_CGATGT_L005_R2.fastq.gz
254,../fastq/254_C7JRYANXX_TTAGGC_L005_R1.fastq.gz,../fastq/254_C7JRYANXX_TTAGGC_L005_R2.fastq.gz
254,../fastq/254_C80GMANXX_TTAGGC_L005_R1.fastq.gz,../fastq/254_C80GMANXX_TTAGGC_L005_R2.fastq.gz
255,../fastq/255_C7JRYANXX_TGACCA_L005_R1.fastq.gz,../fastq/255_C7JRYANXX_TGACCA_L005_R2.fastq.gz
255,../fastq/255_C80GMANXX_TGACCA_L005_R1.fastq.gz,../fastq/255_C80GMANXX_TGACCA_L005_R2.fastq.gz
256,../fastq/256_C7JRYANXX_ACAGTG_L005_R1.fastq.gz,../fastq/256_C7JRYANXX_ACAGTG_L005_R2.fastq.gz
256,../fastq/256_C80GMANXX_ACAGTG_L005_R1.fastq.gz,../fastq/256_C80GMANXX_ACAGTG_L005_R2.fastq.gz
257,../fastq/257_C7JRYANXX_GCCAAT_L005_R1.fastq.gz,../fastq/257_C7JRYANXX_GCCAAT_L005_R2.fastq.gz
257,../fastq/257_C80GMANXX_GCCAAT_L005_R1.fastq.gz,../fastq/257_C80GMANXX_GCCAAT_L005_R2.fastq.gz
258,../fastq/258_C7JRYANXX_CAGATC_L005_R1.fastq.gz,../fastq/258_C7JRYANXX_CAGATC_L005_R2.fastq.gz
258,../fastq/258_C80GMANXX_CAGATC_L005_R1.fastq.gz,../fastq/258_C80GMANXX_CAGATC_L005_R2.fastq.gz
259,../fastq/259_C7JRYANXX_ACTTGA_L005_R1.fastq.gz,../fastq/259_C7JRYANXX_ACTTGA_L005_R2.fastq.gz
259,../fastq/259_C80GMANXX_ACTTGA_L005_R1.fastq.gz,../fastq/259_C80GMANXX_ACTTGA_L005_R2.fastq.gz
266,../fastq/266_C7JRYANXX_GATCAG_L005_R1.fastq.gz,../fastq/266_C7JRYANXX_GATCAG_L005_R2.fastq.gz
266,../fastq/266_C80GMANXX_GATCAG_L005_R1.fastq.gz,../fastq/266_C80GMANXX_GATCAG_L005_R2.fastq.gz
267,../fastq/267_C7JRYANXX_TAGCTT_L005_R1.fastq.gz,../fastq/267_C7JRYANXX_TAGCTT_L005_R2.fastq.gz
267,../fastq/267_C80GMANXX_TAGCTT_L005_R1.fastq.gz,../fastq/267_C80GMANXX_TAGCTT_L005_R2.fastq.gz
268,../fastq/268_C7JRYANXX_GGCTAC_L005_R1.fastq.gz,../fastq/268_C7JRYANXX_GGCTAC_L005_R2.fastq.gz
268,../fastq/268_C80GMANXX_GGCTAC_L005_R1.fastq.gz,../fastq/268_C80GMANXX_GGCTAC_L005_R2.fastq.gz
269,../fastq/269_C7JRYANXX_CTTGTA_L005_R1.fastq.gz,../fastq/269_C7JRYANXX_CTTGTA_L005_R2.fastq.gz
269,../fastq/269_C80GMANXX_CTTGTA_L005_R1.fastq.gz,../fastq/269_C80GMANXX_CTTGTA_L005_R2.fastq.gz
270,../fastq/270_C7JRYANXX_AGTCAA_L005_R1.fastq.gz,../fastq/270_C7JRYANXX_AGTCAA_L005_R2.fastq.gz
270,../fastq/270_C80GMANXX_AGTCAA_L005_R1.fastq.gz,../fastq/270_C80GMANXX_AGTCAA_L005_R2.fastq.gz
271,../fastq/271_C7JRYANXX_AGTTCC_L005_R1.fastq.gz,../fastq/271_C7JRYANXX_AGTTCC_L005_R2.fastq.gz
271,../fastq/271_C80GMANXX_AGTTCC_L005_R1.fastq.gz,../fastq/271_C80GMANXX_AGTTCC_L005_R2.fastq.gz
278,../fastq/278_C7JRYANXX_ATGTCA_L005_R1.fastq.gz,../fastq/278_C7JRYANXX_ATGTCA_L005_R2.fastq.gz
278,../fastq/278_C80GMANXX_ATGTCA_L005_R1.fastq.gz,../fastq/278_C80GMANXX_ATGTCA_L005_R2.fastq.gz
279,../fastq/279_C7JRYANXX_CCGTCC_L005_R1.fastq.gz,../fastq/279_C7JRYANXX_CCGTCC_L005_R2.fastq.gz
279,../fastq/279_C80GMANXX_CCGTCC_L005_R1.fastq.gz,../fastq/279_C80GMANXX_CCGTCC_L005_R2.fastq.gz
280,../fastq/280_C7JRYANXX_GTCCGC_L005_R1.fastq.gz,../fastq/280_C7JRYANXX_GTCCGC_L005_R2.fastq.gz
280,../fastq/280_C80GMANXX_GTCCGC_L005_R1.fastq.gz,../fastq/280_C80GMANXX_GTCCGC_L005_R2.fastq.gz
281,../fastq/281_C7JRYANXX_GTGAAA_L005_R1.fastq.gz,../fastq/281_C7JRYANXX_GTGAAA_L005_R2.fastq.gz
281,../fastq/281_C80GMANXX_GTGAAA_L005_R1.fastq.gz,../fastq/281_C80GMANXX_GTGAAA_L005_R2.fastq.gz
282,../fastq/282_C7JRYANXX_GTGGCC_L005_R1.fastq.gz,../fastq/282_C7JRYANXX_GTGGCC_L005_R2.fastq.gz
282,../fastq/282_C80GMANXX_GTGGCC_L005_R1.fastq.gz,../fastq/282_C80GMANXX_GTGGCC_L005_R2.fastq.gz
283,../fastq/283_C7JRYANXX_GTTTCG_L005_R1.fastq.gz,../fastq/283_C7JRYANXX_GTTTCG_L005_R2.fastq.gz
283,../fastq/283_C80GMANXX_GTTTCG_L005_R1.fastq.gz,../fastq/283_C80GMANXX_GTTTCG_L005_R2.fastq.gz
290,../fastq/290_C80GMANXX_CGTACG_L005_R1.fastq.gz,../fastq/290_C80GMANXX_CGTACG_L005_R2.fastq.gz
290,../fastq/290_C85J7ANXX_CGTACG_L006_R1.fastq.gz,../fastq/290_C85J7ANXX_CGTACG_L006_R2.fastq.gz
291,../fastq/291_C80GMANXX_GAGTGG_L006_R1.fastq.gz,../fastq/291_C80GMANXX_GAGTGG_L006_R2.fastq.gz
291,../fastq/291_C85J7ANXX_GAGTGG_L006_R1.fastq.gz,../fastq/291_C85J7ANXX_GAGTGG_L006_R2.fastq.gz
292,../fastq/292_C80GMANXX_ACTGAT_L006_R1.fastq.gz,../fastq/292_C80GMANXX_ACTGAT_L006_R2.fastq.gz
292,../fastq/292_C85J7ANXX_ACTGAT_L006_R1.fastq.gz,../fastq/292_C85J7ANXX_ACTGAT_L006_R2.fastq.gz
293,../fastq/293_C80GMANXX_ATTCCT_L006_R1.fastq.gz,../fastq/293_C80GMANXX_ATTCCT_L006_R2.fastq.gz
293,../fastq/293_C85J7ANXX_ATTCCT_L006_R1.fastq.gz,../fastq/293_C85J7ANXX_ATTCCT_L006_R2.fastq.gz
294,../fastq/294_C80GMANXX_ATCACG_L006_R1.fastq.gz,../fastq/294_C80GMANXX_ATCACG_L006_R2.fastq.gz
294,../fastq/294_C85J7ANXX_ATCACG_L006_R1.fastq.gz,../fastq/294_C85J7ANXX_ATCACG_L006_R2.fastq.gz
295,../fastq/295_C80GMANXX_CGATGT_L006_R1.fastq.gz,../fastq/295_C80GMANXX_CGATGT_L006_R2.fastq.gz
295,../fastq/295_C85J7ANXX_CGATGT_L006_R1.fastq.gz,../fastq/295_C85J7ANXX_CGATGT_L006_R2.fastq.gz
29,../fastq/29_C80GMANXX_GATCAG_L006_R1.fastq.gz,../fastq/29_C80GMANXX_GATCAG_L006_R2.fastq.gz
29,../fastq/29_C85J7ANXX_GATCAG_L006_R1.fastq.gz,../fastq/29_C85J7ANXX_GATCAG_L006_R2.fastq.gz
302,../fastq/302_C80GMANXX_TTAGGC_L006_R1.fastq.gz,../fastq/302_C80GMANXX_TTAGGC_L006_R2.fastq.gz
302,../fastq/302_C85J7ANXX_TTAGGC_L006_R1.fastq.gz,../fastq/302_C85J7ANXX_TTAGGC_L006_R2.fastq.gz
303,../fastq/303_C80GMANXX_TGACCA_L006_R1.fastq.gz,../fastq/303_C80GMANXX_TGACCA_L006_R2.fastq.gz
303,../fastq/303_C85J7ANXX_TGACCA_L006_R1.fastq.gz,../fastq/303_C85J7ANXX_TGACCA_L006_R2.fastq.gz
304,../fastq/304_C80GMANXX_ACAGTG_L006_R1.fastq.gz,../fastq/304_C80GMANXX_ACAGTG_L006_R2.fastq.gz
304,../fastq/304_C85J7ANXX_ACAGTG_L006_R1.fastq.gz,../fastq/304_C85J7ANXX_ACAGTG_L006_R2.fastq.gz
305,../fastq/305_C80GMANXX_GCCAAT_L006_R1.fastq.gz,../fastq/305_C80GMANXX_GCCAAT_L006_R2.fastq.gz
305,../fastq/305_C85J7ANXX_GCCAAT_L006_R1.fastq.gz,../fastq/305_C85J7ANXX_GCCAAT_L006_R2.fastq.gz
306,../fastq/306_C80GMANXX_CAGATC_L006_R1.fastq.gz,../fastq/306_C80GMANXX_CAGATC_L006_R2.fastq.gz
306,../fastq/306_C85J7ANXX_CAGATC_L006_R1.fastq.gz,../fastq/306_C85J7ANXX_CAGATC_L006_R2.fastq.gz
307,../fastq/307_C80GMANXX_ACTTGA_L006_R1.fastq.gz,../fastq/307_C80GMANXX_ACTTGA_L006_R2.fastq.gz
307,../fastq/307_C85J7ANXX_ACTTGA_L006_R1.fastq.gz,../fastq/307_C85J7ANXX_ACTTGA_L006_R2.fastq.gz
30,../fastq/30_C80GMANXX_TAGCTT_L006_R1.fastq.gz,../fastq/30_C80GMANXX_TAGCTT_L006_R2.fastq.gz
30,../fastq/30_C85J7ANXX_TAGCTT_L006_R1.fastq.gz,../fastq/30_C85J7ANXX_TAGCTT_L006_R2.fastq.gz
314,../fastq/314_C7JRYANXX_CGTACG_L008_R1.fastq.gz,../fastq/314_C7JRYANXX_CGTACG_L008_R2.fastq.gz
314,../fastq/314_C80GMANXX_CGTACG_L008_R1.fastq.gz,../fastq/314_C80GMANXX_CGTACG_L008_R2.fastq.gz
315,../fastq/315_C7JRYANXX_GAGTGG_L008_R1.fastq.gz,../fastq/315_C7JRYANXX_GAGTGG_L008_R2.fastq.gz
315,../fastq/315_C80GMANXX_GAGTGG_L008_R1.fastq.gz,../fastq/315_C80GMANXX_GAGTGG_L008_R2.fastq.gz
316,../fastq/316_C7JRYANXX_ACTGAT_L008_R1.fastq.gz,../fastq/316_C7JRYANXX_ACTGAT_L008_R2.fastq.gz
316,../fastq/316_C80GMANXX_ACTGAT_L008_R1.fastq.gz,../fastq/316_C80GMANXX_ACTGAT_L008_R2.fastq.gz
317,../fastq/317_C7JRYANXX_ATTCCT_L008_R1.fastq.gz,../fastq/317_C7JRYANXX_ATTCCT_L008_R2.fastq.gz
317,../fastq/317_C80GMANXX_ATTCCT_L008_R1.fastq.gz,../fastq/317_C80GMANXX_ATTCCT_L008_R2.fastq.gz
318,../fastq/318_C7JRYANXX_ATCACG_L008_R1.fastq.gz,../fastq/318_C7JRYANXX_ATCACG_L008_R2.fastq.gz
318,../fastq/318_C80GMANXX_ATCACG_L008_R1.fastq.gz,../fastq/318_C80GMANXX_ATCACG_L008_R2.fastq.gz
319,../fastq/319_C7JRYANXX_CGATGT_L008_R1.fastq.gz,../fastq/319_C7JRYANXX_CGATGT_L008_R2.fastq.gz
319,../fastq/319_C80GMANXX_CGATGT_L008_R1.fastq.gz,../fastq/319_C80GMANXX_CGATGT_L008_R2.fastq.gz
31,../fastq/31_C7JRYANXX_ATCACG_L001_R1.fastq.gz,../fastq/31_C7JRYANXX_ATCACG_L001_R2.fastq.gz
31,../fastq/31_C80GMANXX_ATCACG_L001_R1.fastq.gz,../fastq/31_C80GMANXX_ATCACG_L001_R2.fastq.gz
32,../fastq/32_C7JRYANXX_CGATGT_L001_R1.fastq.gz,../fastq/32_C7JRYANXX_CGATGT_L001_R2.fastq.gz
32,../fastq/32_C80GMANXX_CGATGT_L001_R1.fastq.gz,../fastq/32_C80GMANXX_CGATGT_L001_R2.fastq.gz
33,../fastq/33_C7JRYANXX_TTAGGC_L001_R1.fastq.gz,../fastq/33_C7JRYANXX_TTAGGC_L001_R2.fastq.gz
33,../fastq/33_C80GMANXX_TTAGGC_L001_R1.fastq.gz,../fastq/33_C80GMANXX_TTAGGC_L001_R2.fastq.gz
34,../fastq/34_C7JRYANXX_TGACCA_L001_R1.fastq.gz,../fastq/34_C7JRYANXX_TGACCA_L001_R2.fastq.gz
34,../fastq/34_C80GMANXX_TGACCA_L001_R1.fastq.gz,../fastq/34_C80GMANXX_TGACCA_L001_R2.fastq.gz
38,../fastq/38_C7JRYANXX_ACAGTG_L001_R1.fastq.gz,../fastq/38_C7JRYANXX_ACAGTG_L001_R2.fastq.gz
38,../fastq/38_C80GMANXX_ACAGTG_L001_R1.fastq.gz,../fastq/38_C80GMANXX_ACAGTG_L001_R2.fastq.gz
39,../fastq/39_C7JRYANXX_GCCAAT_L001_R1.fastq.gz,../fastq/39_C7JRYANXX_GCCAAT_L001_R2.fastq.gz
39,../fastq/39_C80GMANXX_GCCAAT_L001_R1.fastq.gz,../fastq/39_C80GMANXX_GCCAAT_L001_R2.fastq.gz
40,../fastq/40_C7JRYANXX_CAGATC_L001_R1.fastq.gz,../fastq/40_C7JRYANXX_CAGATC_L001_R2.fastq.gz
40,../fastq/40_C80GMANXX_CAGATC_L001_R1.fastq.gz,../fastq/40_C80GMANXX_CAGATC_L001_R2.fastq.gz
41,../fastq/41_C7JRYANXX_ACTTGA_L001_R1.fastq.gz,../fastq/41_C7JRYANXX_ACTTGA_L001_R2.fastq.gz
41,../fastq/41_C80GMANXX_ACTTGA_L001_R1.fastq.gz,../fastq/41_C80GMANXX_ACTTGA_L001_R2.fastq.gz
42,../fastq/42_C7JRYANXX_GATCAG_L001_R1.fastq.gz,../fastq/42_C7JRYANXX_GATCAG_L001_R2.fastq.gz
42,../fastq/42_C80GMANXX_GATCAG_L001_R1.fastq.gz,../fastq/42_C80GMANXX_GATCAG_L001_R2.fastq.gz
43,../fastq/43_C7JRYANXX_TAGCTT_L001_R1.fastq.gz,../fastq/43_C7JRYANXX_TAGCTT_L001_R2.fastq.gz
43,../fastq/43_C80GMANXX_TAGCTT_L001_R1.fastq.gz,../fastq/43_C80GMANXX_TAGCTT_L001_R2.fastq.gz
47,../fastq/47_C7JRYANXX_GGCTAC_L001_R1.fastq.gz,../fastq/47_C7JRYANXX_GGCTAC_L001_R2.fastq.gz
47,../fastq/47_C80GMANXX_GGCTAC_L001_R1.fastq.gz,../fastq/47_C80GMANXX_GGCTAC_L001_R2.fastq.gz
48,../fastq/48_C7JRYANXX_CTTGTA_L001_R1.fastq.gz,../fastq/48_C7JRYANXX_CTTGTA_L001_R2.fastq.gz
48,../fastq/48_C80GMANXX_CTTGTA_L001_R1.fastq.gz,../fastq/48_C80GMANXX_CTTGTA_L001_R2.fastq.gz
49,../fastq/49_C7JRYANXX_AGTCAA_L001_R1.fastq.gz,../fastq/49_C7JRYANXX_AGTCAA_L001_R2.fastq.gz
49,../fastq/49_C80GMANXX_AGTCAA_L001_R1.fastq.gz,../fastq/49_C80GMANXX_AGTCAA_L001_R2.fastq.gz
50,../fastq/50_C7JRYANXX_AGTTCC_L001_R1.fastq.gz,../fastq/50_C7JRYANXX_AGTTCC_L001_R2.fastq.gz
50,../fastq/50_C80GMANXX_AGTTCC_L001_R1.fastq.gz,../fastq/50_C80GMANXX_AGTTCC_L001_R2.fastq.gz
51,../fastq/51_C7JRYANXX_ATGTCA_L001_R1.fastq.gz,../fastq/51_C7JRYANXX_ATGTCA_L001_R2.fastq.gz
51,../fastq/51_C80GMANXX_ATGTCA_L001_R1.fastq.gz,../fastq/51_C80GMANXX_ATGTCA_L001_R2.fastq.gz
52,../fastq/52_C7JRYANXX_CCGTCC_L001_R1.fastq.gz,../fastq/52_C7JRYANXX_CCGTCC_L001_R2.fastq.gz
52,../fastq/52_C80GMANXX_CCGTCC_L001_R1.fastq.gz,../fastq/52_C80GMANXX_CCGTCC_L001_R2.fastq.gz
56,../fastq/56_C7JRYANXX_GTCCGC_L001_R1.fastq.gz,../fastq/56_C7JRYANXX_GTCCGC_L001_R2.fastq.gz
56,../fastq/56_C80GMANXX_GTCCGC_L001_R1.fastq.gz,../fastq/56_C80GMANXX_GTCCGC_L001_R2.fastq.gz
57,../fastq/57_C7JRYANXX_GTGAAA_L001_R1.fastq.gz,../fastq/57_C7JRYANXX_GTGAAA_L001_R2.fastq.gz
57,../fastq/57_C80GMANXX_GTGAAA_L001_R1.fastq.gz,../fastq/57_C80GMANXX_GTGAAA_L001_R2.fastq.gz
58,../fastq/58_C7JRYANXX_GTGGCC_L002_R1.fastq.gz,../fastq/58_C7JRYANXX_GTGGCC_L002_R2.fastq.gz
58,../fastq/58_C80GMANXX_GTGGCC_L001_R1.fastq.gz,../fastq/58_C80GMANXX_GTGGCC_L001_R2.fastq.gz
59,../fastq/59_C7JRYANXX_GTTTCG_L002_R1.fastq.gz,../fastq/59_C7JRYANXX_GTTTCG_L002_R2.fastq.gz
59,../fastq/59_C80GMANXX_GTTTCG_L002_R1.fastq.gz,../fastq/59_C80GMANXX_GTTTCG_L002_R2.fastq.gz
60,../fastq/60_C7JRYANXX_CGTACG_L002_R1.fastq.gz,../fastq/60_C7JRYANXX_CGTACG_L002_R2.fastq.gz
60,../fastq/60_C80GMANXX_CGTACG_L002_R1.fastq.gz,../fastq/60_C80GMANXX_CGTACG_L002_R2.fastq.gz
61,../fastq/61_C7JRYANXX_GAGTGG_L002_R1.fastq.gz,../fastq/61_C7JRYANXX_GAGTGG_L002_R2.fastq.gz
61,../fastq/61_C80GMANXX_GAGTGG_L002_R1.fastq.gz,../fastq/61_C80GMANXX_GAGTGG_L002_R2.fastq.gz
65,../fastq/65_C7JRYANXX_ACTGAT_L002_R1.fastq.gz,../fastq/65_C7JRYANXX_ACTGAT_L002_R2.fastq.gz
65,../fastq/65_C80GMANXX_ACTGAT_L002_R1.fastq.gz,../fastq/65_C80GMANXX_ACTGAT_L002_R2.fastq.gz
66,../fastq/66_C7JRYANXX_ATTCCT_L002_R1.fastq.gz,../fastq/66_C7JRYANXX_ATTCCT_L002_R2.fastq.gz
66,../fastq/66_C80GMANXX_ATTCCT_L002_R1.fastq.gz,../fastq/66_C80GMANXX_ATTCCT_L002_R2.fastq.gz
67,../fastq/67_C7JRYANXX_ATCACG_L002_R1.fastq.gz,../fastq/67_C7JRYANXX_ATCACG_L002_R2.fastq.gz
67,../fastq/67_C80GMANXX_ATCACG_L002_R1.fastq.gz,../fastq/67_C80GMANXX_ATCACG_L002_R2.fastq.gz
68,../fastq/68_C7JRYANXX_CGATGT_L002_R1.fastq.gz,../fastq/68_C7JRYANXX_CGATGT_L002_R2.fastq.gz
68,../fastq/68_C80GMANXX_CGATGT_L002_R1.fastq.gz,../fastq/68_C80GMANXX_CGATGT_L002_R2.fastq.gz
69,../fastq/69_C7JRYANXX_TTAGGC_L002_R1.fastq.gz,../fastq/69_C7JRYANXX_TTAGGC_L002_R2.fastq.gz
69,../fastq/69_C80GMANXX_TTAGGC_L002_R1.fastq.gz,../fastq/69_C80GMANXX_TTAGGC_L002_R2.fastq.gz
70,../fastq/70_C7JRYANXX_TGACCA_L002_R1.fastq.gz,../fastq/70_C7JRYANXX_TGACCA_L002_R2.fastq.gz
70,../fastq/70_C80GMANXX_TGACCA_L002_R1.fastq.gz,../fastq/70_C80GMANXX_TGACCA_L002_R2.fastq.gz
74,../fastq/74_C7JRYANXX_ACAGTG_L002_R1.fastq.gz,../fastq/74_C7JRYANXX_ACAGTG_L002_R2.fastq.gz
74,../fastq/74_C80GMANXX_ACAGTG_L002_R1.fastq.gz,../fastq/74_C80GMANXX_ACAGTG_L002_R2.fastq.gz
84,../fastq/84_C80GMANXX_GGCTAC_L006_R1.fastq.gz,../fastq/84_C80GMANXX_GGCTAC_L006_R2.fastq.gz
84,../fastq/84_C85J7ANXX_GGCTAC_L006_R1.fastq.gz,../fastq/84_C85J7ANXX_GGCTAC_L006_R2.fastq.gz
85,../fastq/85_C80GMANXX_CTTGTA_L006_R1.fastq.gz,../fastq/85_C80GMANXX_CTTGTA_L006_R2.fastq.gz
85,../fastq/85_C85J7ANXX_CTTGTA_L006_R1.fastq.gz,../fastq/85_C85J7ANXX_CTTGTA_L006_R2.fastq.gz
86,../fastq/86_C80GMANXX_AGTCAA_L006_R1.fastq.gz,../fastq/86_C80GMANXX_AGTCAA_L006_R2.fastq.gz
86,../fastq/86_C85J7ANXX_AGTCAA_L006_R1.fastq.gz,../fastq/86_C85J7ANXX_AGTCAA_L006_R2.fastq.gz
87,../fastq/87_C80GMANXX_AGTTCC_L006_R1.fastq.gz,../fastq/87_C80GMANXX_AGTTCC_L006_R2.fastq.gz
87,../fastq/87_C85J7ANXX_AGTTCC_L006_R1.fastq.gz,../fastq/87_C85J7ANXX_AGTTCC_L006_R2.fastq.gz
88,../fastq/88_C80GMANXX_ATGTCA_L006_R1.fastq.gz,../fastq/88_C80GMANXX_ATGTCA_L006_R2.fastq.gz
88,../fastq/88_C85J7ANXX_ATGTCA_L006_R1.fastq.gz,../fastq/88_C85J7ANXX_ATGTCA_L006_R2.fastq.gz
92,../fastq/92_C7JRYANXX_CCGTCC_L007_R1.fastq.gz,../fastq/92_C7JRYANXX_CCGTCC_L007_R2.fastq.gz
92,../fastq/92_C80GMANXX_CCGTCC_L007_R1.fastq.gz,../fastq/92_C80GMANXX_CCGTCC_L007_R2.fastq.gz
93,../fastq/93_C7JRYANXX_GCCAAT_L002_R1.fastq.gz,../fastq/93_C7JRYANXX_GCCAAT_L002_R2.fastq.gz
93,../fastq/93_C80GMANXX_GCCAAT_L002_R1.fastq.gz,../fastq/93_C80GMANXX_GCCAAT_L002_R2.fastq.gz
94,../fastq/94_C7JRYANXX_CAGATC_L002_R1.fastq.gz,../fastq/94_C7JRYANXX_CAGATC_L002_R2.fastq.gz
94,../fastq/94_C80GMANXX_CAGATC_L002_R1.fastq.gz,../fastq/94_C80GMANXX_CAGATC_L002_R2.fastq.gz
95,../fastq/95_C7JRYANXX_ACTTGA_L002_R1.fastq.gz,../fastq/95_C7JRYANXX_ACTTGA_L002_R2.fastq.gz
95,../fastq/95_C80GMANXX_ACTTGA_L002_R1.fastq.gz,../fastq/95_C80GMANXX_ACTTGA_L002_R2.fastq.gz
96,../fastq/96_C7JRYANXX_GATCAG_L002_R1.fastq.gz,../fastq/96_C7JRYANXX_GATCAG_L002_R2.fastq.gz
96,../fastq/96_C80GMANXX_GATCAG_L002_R1.fastq.gz,../fastq/96_C80GMANXX_GATCAG_L002_R2.fastq.gz
97,../fastq/97_C7JRYANXX_TAGCTT_L002_R1.fastq.gz,../fastq/97_C7JRYANXX_TAGCTT_L002_R2.fastq.gz
97,../fastq/97_C80GMANXX_TAGCTT_L002_R1.fastq.gz,../fastq/97_C80GMANXX_TAGCTT_L002_R2.fastq.gz
egg_green,../fastq/egg_green_C7JRYANXX_TTAGGC_L008_R1.fastq.gz,../fastq/egg_green_C7JRYANXX_TTAGGC_L008_R2.fastq.gz
egg_green,../fastq/egg_green_C80GMANXX_TTAGGC_L008_R1.fastq.gz,../fastq/egg_green_C80GMANXX_TTAGGC_L008_R2.fastq.gz
egg_red,../fastq/egg_red_C7JRYANXX_TGACCA_L008_R1.fastq.gz,../fastq/egg_red_C7JRYANXX_TGACCA_L008_R2.fastq.gz
egg_red,../fastq/egg_red_C80GMANXX_TGACCA_L008_R1.fastq.gz,../fastq/egg_red_C80GMANXX_TGACCA_L008_R2.fastq.gz
